2015-09-26 11:33:08.962820,bbc,14.009 ms
2015-09-26 11:33:08.976148,router,3.884 ms
2015-09-26 11:33:09.504409,bbc,13.709 ms
2015-09-26 11:33:09.518750,router,1.911 ms
2015-09-26 11:33:10.052470,bbc,15.568 ms
2015-09-26 11:33:10.065828,router,1.872 ms
2015-09-26 11:33:10.595644,bbc,15.112 ms
2015-09-26 11:33:10.610365,router,1.875 ms
2015-09-26 11:33:11.145125,bbc,16.086 ms
2015-09-26 11:33:11.157197,router,1.854 ms
2015-09-26 11:33:11.684244,bbc,13.339 ms
2015-09-26 11:33:11.699212,router,1.840 ms
2015-09-26 11:33:12.230104,bbc,15.174 ms
2015-09-26 11:33:12.242154,router,1.868 ms
2015-09-26 11:33:12.773910,bbc,16.371 ms
2015-09-26 11:33:12.788523,router,1.882 ms
2015-09-26 11:33:13.317707,bbc,15.217 ms
2015-09-26 11:33:13.333267,router,1.882 ms
2015-09-26 11:33:13.866859,bbc,15.670 ms
2015-09-26 11:33:13.881609,router,2.176 ms
2015-09-26 11:33:14.410823,bbc,15.005 ms
2015-09-26 11:33:14.425392,router,1.868 ms
2015-09-26 11:33:14.956373,bbc,13.408 ms
2015-09-26 11:33:14.970573,router,1.852 ms
2015-09-26 11:33:15.504234,bbc,15.550 ms
2015-09-26 11:33:15.518250,router,2.001 ms
2015-09-26 11:33:16.046245,bbc,13.347 ms
2015-09-26 11:33:16.060286,router,1.807 ms
2015-09-26 11:33:16.591602,bbc,15.133 ms
2015-09-26 11:33:16.602213,router,1.835 ms
2015-09-26 11:33:17.133082,bbc,13.530 ms
2015-09-26 11:33:17.145757,router,1.843 ms
2015-09-26 11:33:17.688931,bbc,26.157 ms
2015-09-26 11:33:17.703094,router,1.862 ms
2015-09-26 11:33:18.234826,bbc,15.327 ms
2015-09-26 11:33:18.253501,router,5.178 ms
2015-09-26 11:33:18.782648,bbc,15.299 ms
2015-09-26 11:33:18.796156,router,1.902 ms
2015-09-26 11:33:19.325789,bbc,15.525 ms
2015-09-26 11:33:19.340446,router,1.892 ms
2015-09-26 11:33:19.869251,bbc,15.522 ms
2015-09-26 11:33:19.883604,router,1.908 ms
2015-09-26 11:33:20.416352,bbc,15.465 ms
2015-09-26 11:33:20.431191,router,1.878 ms
2015-09-26 11:33:20.960511,bbc,15.156 ms
2015-09-26 11:33:20.970912,router,1.950 ms
2015-09-26 11:33:21.501036,bbc,15.068 ms
2015-09-26 11:33:21.515034,router,1.868 ms
2015-09-26 11:33:22.046124,bbc,16.250 ms
2015-09-26 11:33:22.057218,router,2.735 ms
2015-09-26 11:33:22.586067,bbc,14.456 ms
2015-09-26 11:33:22.600889,router,1.875 ms
2015-09-26 11:33:23.134065,bbc,14.893 ms
2015-09-26 11:33:23.146383,router,1.903 ms
2015-09-26 11:33:23.673825,bbc,13.403 ms
2015-09-26 11:33:23.687783,router,1.931 ms
2015-09-26 11:33:24.216475,bbc,14.256 ms
2015-09-26 11:33:24.230188,router,1.911 ms
2015-09-26 11:33:24.760020,bbc,15.587 ms
2015-09-26 11:33:24.770593,router,1.871 ms
2015-09-26 11:33:25.300995,bbc,15.518 ms
2015-09-26 11:33:25.311799,router,1.816 ms
2015-09-26 11:33:25.841634,bbc,15.089 ms
2015-09-26 11:33:25.852049,router,1.851 ms
2015-09-26 11:33:26.384189,bbc,15.133 ms
2015-09-26 11:33:26.394991,router,1.875 ms
2015-09-26 11:33:26.925093,bbc,15.834 ms
2015-09-26 11:33:26.935992,router,1.981 ms
2015-09-26 11:33:27.466476,bbc,15.471 ms
2015-09-26 11:33:27.480875,router,2.268 ms
2015-09-26 11:33:28.008508,bbc,16.337 ms
2015-09-26 11:33:28.019586,router,1.910 ms
2015-09-26 11:33:28.553939,bbc,15.677 ms
2015-09-26 11:33:28.568603,router,1.895 ms
2015-09-26 11:33:29.098379,bbc,14.926 ms
2015-09-26 11:33:29.109176,router,1.888 ms
2015-09-26 11:33:29.639526,bbc,15.872 ms
2015-09-26 11:33:29.653493,router,1.797 ms
2015-09-26 11:33:30.182752,bbc,15.103 ms
2015-09-26 11:33:30.197144,router,1.894 ms
2015-09-26 11:33:30.726563,bbc,14.810 ms
2015-09-26 11:33:30.740233,router,1.851 ms
2015-09-26 11:33:31.269211,bbc,14.097 ms
2015-09-26 11:33:31.283787,router,1.881 ms
2015-09-26 11:33:31.813964,bbc,14.728 ms
2015-09-26 11:33:31.828106,router,1.800 ms
2015-09-26 11:33:32.356353,bbc,13.721 ms
2015-09-26 11:33:32.367455,router,1.920 ms
2015-09-26 11:33:32.900954,bbc,15.236 ms
2015-09-26 11:33:32.915234,router,1.787 ms
2015-09-26 11:33:33.444179,bbc,15.138 ms
2015-09-26 11:33:33.458602,router,1.898 ms
2015-09-26 11:33:33.986335,bbc,13.611 ms
2015-09-26 11:33:34.000467,router,1.875 ms
2015-09-26 11:33:34.528879,bbc,15.402 ms
2015-09-26 11:33:34.543932,router,1.865 ms
2015-09-26 11:33:35.072728,bbc,13.156 ms
2015-09-26 11:33:35.083464,router,1.803 ms
2015-09-26 11:33:35.615179,bbc,15.187 ms
2015-09-26 11:33:35.625333,router,1.841 ms
2015-09-26 11:33:36.154179,bbc,13.399 ms
2015-09-26 11:33:36.168258,router,1.881 ms
2015-09-26 11:33:36.697466,bbc,13.764 ms
2015-09-26 11:33:36.710891,router,1.823 ms
2015-09-26 11:33:37.240077,bbc,15.204 ms
2015-09-26 11:33:37.250899,router,1.883 ms
2015-09-26 11:33:37.780682,bbc,14.990 ms
2015-09-26 11:33:37.805031,router,1.852 ms
2015-09-26 11:33:38.378956,bbc,13.392 ms
2015-09-26 11:33:38.393930,router,1.876 ms
2015-09-26 11:33:38.924086,bbc,15.733 ms
2015-09-26 11:33:38.934546,router,1.879 ms
2015-09-26 11:33:39.465894,bbc,15.863 ms
2015-09-26 11:33:39.480663,router,2.532 ms
2015-09-26 11:33:40.011386,bbc,13.234 ms
2015-09-26 11:33:40.026336,router,1.917 ms
2015-09-26 11:33:40.555995,bbc,15.804 ms
2015-09-26 11:33:40.569934,router,1.823 ms
2015-09-26 11:33:41.098774,bbc,13.733 ms
2015-09-26 11:33:41.110687,router,1.698 ms
2015-09-26 11:33:41.642219,bbc,16.638 ms
2015-09-26 11:33:41.656226,router,1.963 ms
2015-09-26 11:33:42.183310,bbc,13.075 ms
2015-09-26 11:33:42.197275,router,1.795 ms
2015-09-26 11:33:42.727703,bbc,15.458 ms
2015-09-26 11:33:42.743987,router,3.294 ms
2015-09-26 11:33:43.277037,bbc,14.986 ms
2015-09-26 11:33:43.291551,router,1.873 ms
2015-09-26 11:33:43.823694,bbc,15.179 ms
2015-09-26 11:33:43.837944,router,1.896 ms
2015-09-26 11:33:44.369792,bbc,17.551 ms
2015-09-26 11:33:44.383633,router,1.736 ms
2015-09-26 11:33:44.915251,bbc,15.355 ms
2015-09-26 11:33:44.929328,router,1.871 ms
2015-09-26 11:33:45.459042,bbc,16.106 ms
2015-09-26 11:33:45.473365,router,1.887 ms
2015-09-26 11:33:46.004225,bbc,13.486 ms
2015-09-26 11:33:46.014701,router,1.874 ms
2015-09-26 11:33:46.545171,bbc,17.411 ms
2015-09-26 11:33:46.560107,router,1.724 ms
2015-09-26 11:33:47.092684,bbc,15.502 ms
2015-09-26 11:33:47.104269,router,1.856 ms
2015-09-26 11:33:47.637198,bbc,15.175 ms
2015-09-26 11:33:47.647478,router,1.879 ms
2015-09-26 11:33:48.176068,bbc,14.013 ms
2015-09-26 11:33:48.190515,router,2.298 ms
2015-09-26 11:33:48.720631,bbc,13.469 ms
2015-09-26 11:33:48.734805,router,1.828 ms
2015-09-26 11:33:49.263985,bbc,15.007 ms
2015-09-26 11:33:49.278881,router,1.886 ms
2015-09-26 11:33:49.810943,bbc,14.811 ms
2015-09-26 11:33:49.821650,router,1.809 ms
2015-09-26 11:33:50.353815,bbc,13.814 ms
2015-09-26 11:33:50.368350,router,1.877 ms
2015-09-26 11:33:50.898600,bbc,15.606 ms
2015-09-26 11:33:50.912548,router,1.776 ms
2015-09-26 11:33:51.443622,bbc,15.519 ms
2015-09-26 11:33:51.458488,router,1.875 ms
2015-09-26 11:33:51.986960,bbc,13.602 ms
2015-09-26 11:33:52.001129,router,1.843 ms
2015-09-26 11:33:52.530312,bbc,15.386 ms
2015-09-26 11:33:52.545260,router,1.831 ms
2015-09-26 11:33:53.073907,bbc,13.227 ms
2015-09-26 11:33:53.088265,router,1.913 ms
2015-09-26 11:33:53.617805,bbc,15.135 ms
2015-09-26 11:33:53.631839,router,1.860 ms
2015-09-26 11:33:54.163245,bbc,13.840 ms
2015-09-26 11:33:54.178205,router,1.882 ms
2015-09-26 11:33:54.708404,bbc,15.877 ms
2015-09-26 11:33:54.723425,router,3.247 ms
2015-09-26 11:33:55.249556,bbc,13.369 ms
2015-09-26 11:33:55.262835,router,3.512 ms
2015-09-26 11:33:55.793008,bbc,15.495 ms
2015-09-26 11:33:55.807700,router,1.887 ms
2015-09-26 11:33:56.339466,bbc,15.280 ms
2015-09-26 11:33:56.349923,router,2.036 ms
2015-09-26 11:33:56.882442,bbc,16.452 ms
2015-09-26 11:33:56.897137,router,1.922 ms
2015-09-26 11:33:57.427003,bbc,15.419 ms
2015-09-26 11:33:57.437673,router,1.864 ms
2015-09-26 11:33:57.969398,bbc,14.841 ms
2015-09-26 11:33:57.983018,router,1.854 ms
2015-09-26 11:33:58.513852,bbc,15.757 ms
2015-09-26 11:33:58.528647,router,2.118 ms
2015-09-26 11:33:59.057184,bbc,13.811 ms
2015-09-26 11:33:59.067603,router,1.920 ms
2015-09-26 11:33:59.598432,bbc,13.620 ms
2015-09-26 11:33:59.615203,router,3.868 ms
2015-09-26 11:34:00.146274,bbc,13.699 ms
2015-09-26 11:34:00.160274,router,1.910 ms
2015-09-26 11:34:00.701683,bbc,27.223 ms
2015-09-26 11:34:00.716168,router,1.920 ms
2015-09-26 11:34:01.279658,bbc,50.742 ms
2015-09-26 11:34:01.292803,router,1.874 ms
2015-09-26 11:34:01.829497,bbc,18.319 ms
2015-09-26 11:34:01.844017,router,1.869 ms
2015-09-26 11:34:02.378832,bbc,17.298 ms
2015-09-26 11:34:02.389483,router,1.853 ms
2015-09-26 11:34:02.917352,bbc,15.044 ms
2015-09-26 11:34:02.931473,router,1.864 ms
2015-09-26 11:34:03.463612,bbc,14.819 ms
2015-09-26 11:34:03.479717,router,3.652 ms
2015-09-26 11:34:04.009240,bbc,15.576 ms
2015-09-26 11:34:04.023077,router,1.906 ms
2015-09-26 11:34:04.554209,bbc,16.810 ms
2015-09-26 11:34:04.568891,router,1.901 ms
2015-09-26 11:34:05.100160,bbc,13.735 ms
2015-09-26 11:34:05.114643,router,1.869 ms
2015-09-26 11:34:05.641130,bbc,14.945 ms
2015-09-26 11:34:05.652342,router,1.814 ms
2015-09-26 11:34:06.183147,bbc,13.404 ms
2015-09-26 11:34:06.197195,router,1.867 ms
2015-09-26 11:34:06.730703,bbc,15.422 ms
2015-09-26 11:34:06.744974,router,1.892 ms
2015-09-26 11:34:07.276931,bbc,15.755 ms
2015-09-26 11:34:07.287322,router,1.866 ms
2015-09-26 11:34:07.838262,bbc,15.016 ms
2015-09-26 11:34:07.878383,router,1.874 ms
2015-09-26 11:34:08.408905,bbc,15.579 ms
2015-09-26 11:34:08.423641,router,1.840 ms
2015-09-26 11:34:08.953423,bbc,15.003 ms
2015-09-26 11:34:08.968043,router,1.901 ms
2015-09-26 11:34:09.501367,bbc,15.355 ms
2015-09-26 11:34:09.515785,router,1.927 ms
2015-09-26 11:34:10.044281,bbc,13.145 ms
2015-09-26 11:34:10.055352,router,1.857 ms
2015-09-26 11:34:10.583874,bbc,15.696 ms
2015-09-26 11:34:10.597739,router,1.876 ms
2015-09-26 11:34:11.128966,bbc,13.479 ms
2015-09-26 11:34:11.140226,router,1.873 ms
2015-09-26 11:34:11.669426,bbc,15.257 ms
2015-09-26 11:34:11.680397,router,1.870 ms
2015-09-26 11:34:12.213506,bbc,14.866 ms
2015-09-26 11:34:12.224176,router,1.859 ms
2015-09-26 11:34:12.753873,bbc,15.320 ms
2015-09-26 11:34:12.764239,router,1.875 ms
2015-09-26 11:34:13.295318,bbc,15.512 ms
2015-09-26 11:34:13.309705,router,1.854 ms
2015-09-26 11:34:13.840240,bbc,16.427 ms
2015-09-26 11:34:13.854553,router,1.850 ms
2015-09-26 11:34:14.385825,bbc,15.610 ms
2015-09-26 11:34:14.401844,router,3.516 ms
2015-09-26 11:34:14.929580,bbc,14.287 ms
2015-09-26 11:34:14.942279,router,1.724 ms
2015-09-26 11:34:15.473454,bbc,15.654 ms
2015-09-26 11:34:15.488479,router,1.793 ms
2015-09-26 11:34:16.019732,bbc,15.936 ms
2015-09-26 11:34:16.033635,router,1.890 ms
2015-09-26 11:34:16.564921,bbc,15.636 ms
2015-09-26 11:34:16.578920,router,1.856 ms
2015-09-26 11:34:17.109098,bbc,16.862 ms
2015-09-26 11:34:17.126165,router,4.257 ms
2015-09-26 11:34:17.652860,bbc,14.776 ms
2015-09-26 11:34:17.663867,router,2.277 ms
2015-09-26 11:34:18.191146,bbc,15.552 ms
2015-09-26 11:34:18.201910,router,1.821 ms
2015-09-26 11:34:18.730943,bbc,15.470 ms
2015-09-26 11:34:18.741359,router,1.852 ms
2015-09-26 11:34:19.269481,bbc,13.311 ms
2015-09-26 11:34:19.284068,router,1.860 ms
2015-09-26 11:34:19.815976,bbc,15.716 ms
2015-09-26 11:34:19.826634,router,1.969 ms
2015-09-26 11:34:20.353172,bbc,13.742 ms
2015-09-26 11:34:20.363846,router,1.946 ms
2015-09-26 11:34:20.896673,bbc,15.814 ms
2015-09-26 11:34:20.913949,router,4.883 ms
2015-09-26 11:34:21.445354,bbc,13.552 ms
2015-09-26 11:34:21.459421,router,1.868 ms
2015-09-26 11:34:21.993655,bbc,15.375 ms
2015-09-26 11:34:22.008057,router,1.870 ms
2015-09-26 11:34:22.537039,bbc,15.710 ms
2015-09-26 11:34:22.554327,router,4.366 ms
2015-09-26 11:34:23.084764,bbc,15.517 ms
2015-09-26 11:34:23.097326,router,1.844 ms
2015-09-26 11:34:23.630560,bbc,16.977 ms
2015-09-26 11:34:23.641132,router,1.904 ms
2015-09-26 11:34:24.164839,bbc,13.244 ms
2015-09-26 11:34:24.179359,router,1.863 ms
2015-09-26 11:34:24.711326,bbc,13.568 ms
2015-09-26 11:34:24.727104,router,3.445 ms
2015-09-26 11:34:25.254868,bbc,15.175 ms
2015-09-26 11:34:25.266561,router,2.413 ms
2015-09-26 11:34:25.795324,bbc,14.732 ms
2015-09-26 11:34:25.810457,router,1.868 ms
2015-09-26 11:34:26.341048,bbc,15.671 ms
2015-09-26 11:34:26.355030,router,1.771 ms
2015-09-26 11:34:26.888480,bbc,15.069 ms
2015-09-26 11:34:26.898944,router,1.884 ms
2015-09-26 11:34:27.431445,bbc,14.893 ms
2015-09-26 11:34:27.443251,router,3.162 ms
2015-09-26 11:34:27.974813,bbc,15.046 ms
2015-09-26 11:34:27.985441,router,2.053 ms
2015-09-26 11:34:28.519274,bbc,15.108 ms
2015-09-26 11:34:28.533850,router,1.769 ms
2015-09-26 11:34:29.060600,bbc,13.179 ms
2015-09-26 11:34:29.071299,router,1.928 ms
2015-09-26 11:34:29.604915,bbc,15.091 ms
2015-09-26 11:34:29.619269,router,1.931 ms
2015-09-26 11:34:46.040288,bbc,15.999 ms
2015-09-26 11:34:46.052581,router,3.834 ms
2015-09-26 11:34:46.585181,bbc,14.801 ms
2015-09-26 11:34:46.599393,router,1.866 ms
2015-09-26 11:34:47.128353,bbc,16.132 ms
2015-09-26 11:34:47.142031,router,1.904 ms
2015-09-26 11:34:47.668775,bbc,15.141 ms
2015-09-26 11:34:47.683188,router,1.858 ms
2015-09-26 11:34:48.213748,bbc,15.219 ms
2015-09-26 11:34:48.224756,router,1.921 ms
2015-09-26 11:34:48.757434,bbc,15.642 ms
2015-09-26 11:34:48.770850,router,1.740 ms
2015-09-26 11:34:49.299800,bbc,15.132 ms
2015-09-26 11:34:49.314102,router,1.902 ms
2015-09-26 11:34:49.843874,bbc,14.980 ms
2015-09-26 11:34:49.858365,router,2.270 ms
2015-09-26 11:34:50.392091,bbc,15.916 ms
2015-09-26 11:34:50.406439,router,1.980 ms
2015-09-26 11:34:50.935410,bbc,15.968 ms
2015-09-26 11:34:50.949495,router,1.873 ms
2015-09-26 11:34:51.480443,bbc,16.805 ms
2015-09-26 11:34:51.496095,router,2.122 ms
2015-09-26 11:34:52.027453,bbc,13.358 ms
2015-09-26 11:34:52.043387,router,3.739 ms
2015-09-26 11:34:52.573686,bbc,14.306 ms
2015-09-26 11:34:52.588466,router,1.850 ms
2015-09-26 11:34:53.121195,bbc,14.763 ms
2015-09-26 11:34:53.135081,router,1.835 ms
2015-09-26 11:34:53.668427,bbc,15.188 ms
2015-09-26 11:34:53.683276,router,3.357 ms
2015-09-26 11:34:54.216657,bbc,15.567 ms
2015-09-26 11:34:54.231342,router,1.891 ms
2015-09-26 11:34:54.762478,bbc,14.883 ms
2015-09-26 11:34:54.773112,router,1.865 ms
2015-09-26 11:34:55.300795,bbc,15.158 ms
2015-09-26 11:34:55.311264,router,1.927 ms
2015-09-26 11:34:55.842329,bbc,15.339 ms
2015-09-26 11:34:55.857068,router,2.770 ms
2015-09-26 11:35:07.375770,bbc,
2015-09-26 11:35:07.390015,router,1.972 ms
2015-09-26 11:35:07.919146,bbc,15.423 ms
2015-09-26 11:35:07.929681,router,1.885 ms
2015-09-26 11:35:08.463606,bbc,15.823 ms
2015-09-26 11:35:08.479917,router,3.688 ms
2015-09-26 11:35:09.011486,bbc,13.046 ms
2015-09-26 11:35:09.027198,router,1.945 ms
2015-09-26 11:35:09.555564,bbc,15.002 ms
2015-09-26 11:35:09.566190,router,1.879 ms
2015-09-26 11:35:10.096085,bbc,15.066 ms
2015-09-26 11:35:10.110308,router,1.893 ms
2015-09-26 11:35:10.643283,bbc,15.073 ms
2015-09-26 11:35:10.657684,router,1.912 ms
2015-09-26 11:35:11.187433,bbc,15.378 ms
2015-09-26 11:35:11.201957,router,1.919 ms
2015-09-26 11:35:11.733371,bbc,15.686 ms
2015-09-26 11:35:11.743976,router,2.215 ms
2015-09-26 11:35:12.274972,bbc,15.674 ms
2015-09-26 11:35:12.285417,router,1.904 ms
2015-09-26 11:35:12.821053,bbc,18.795 ms
2015-09-26 11:35:12.835790,router,1.915 ms
2015-09-26 11:35:13.361119,bbc,14.952 ms
2015-09-26 11:35:13.375452,router,1.926 ms
2015-09-26 11:35:13.897785,bbc,13.225 ms
2015-09-26 11:35:13.908727,router,1.733 ms
2015-09-26 11:35:14.436655,bbc,15.802 ms
2015-09-26 11:35:14.450792,router,1.771 ms
2015-09-26 11:35:14.984404,bbc,15.020 ms
2015-09-26 11:35:14.999440,router,1.910 ms
2015-09-26 11:35:15.528604,bbc,13.552 ms
2015-09-26 11:35:15.544170,router,2.817 ms
2015-09-26 11:35:16.086175,bbc,23.940 ms
2015-09-26 11:35:16.100103,router,1.936 ms
2015-09-26 11:35:16.637764,bbc,15.125 ms
2015-09-26 11:35:16.648527,router,1.711 ms
2015-09-26 11:35:17.173497,bbc,14.828 ms
2015-09-26 11:35:17.184774,router,1.766 ms
2015-09-26 11:35:17.717954,bbc,15.698 ms
2015-09-26 11:35:17.731981,router,1.880 ms
2015-09-26 11:35:18.261523,bbc,15.139 ms
2015-09-26 11:35:18.276010,router,2.201 ms
2015-09-26 11:35:18.808149,bbc,16.429 ms
2015-09-26 11:35:18.822588,router,2.250 ms
2015-09-26 11:35:19.352291,bbc,13.533 ms
2015-09-26 11:35:19.363880,router,1.942 ms
2015-09-26 11:35:19.897079,bbc,15.724 ms
2015-09-26 11:35:19.911524,router,1.903 ms
2015-09-26 11:35:20.515711,bbc,86.954 ms
2015-09-26 11:35:20.530552,router,1.826 ms
2015-09-26 11:35:21.134513,bbc,90.456 ms
2015-09-26 11:35:21.150379,router,3.359 ms
2015-09-26 11:35:21.723821,bbc,55.785 ms
2015-09-26 11:35:21.740010,router,3.681 ms
2015-09-26 11:35:22.273285,bbc,19.096 ms
2015-09-26 11:35:22.287580,router,2.106 ms
2015-09-26 11:35:22.817241,bbc,13.723 ms
2015-09-26 11:35:22.827679,router,1.992 ms
2015-09-26 11:35:23.364447,bbc,20.479 ms
2015-09-26 11:35:23.379824,router,3.843 ms
2015-09-26 11:35:23.906677,bbc,13.553 ms
2015-09-26 11:35:23.920807,router,1.871 ms
2015-09-26 11:35:24.449300,bbc,15.740 ms
2015-09-26 11:35:24.464070,router,1.908 ms
2015-09-26 11:35:24.996316,bbc,13.941 ms
2015-09-26 11:35:25.010886,router,1.752 ms
2015-09-26 11:35:25.538310,bbc,13.406 ms
2015-09-26 11:35:25.554939,router,3.323 ms
2015-09-26 11:35:26.085247,bbc,15.531 ms
2015-09-26 11:35:26.095847,router,1.945 ms
2015-09-26 11:35:26.627747,bbc,15.069 ms
2015-09-26 11:35:26.642697,router,1.898 ms
2015-09-26 11:35:27.170347,bbc,13.492 ms
2015-09-26 11:35:27.184651,router,1.774 ms
2015-09-26 11:35:27.713304,bbc,13.083 ms
2015-09-26 11:35:27.759614,router,1.776 ms
2015-09-26 11:35:28.293716,bbc,13.400 ms
2015-09-26 11:35:28.334963,router,1.783 ms
2015-09-26 11:35:28.864286,bbc,13.309 ms
2015-09-26 11:35:28.878911,router,1.871 ms
2015-09-26 11:35:29.405354,bbc,12.831 ms
2015-09-26 11:35:29.459884,router,1.878 ms
2015-09-26 11:35:29.986859,bbc,14.145 ms
2015-09-26 11:35:29.997869,router,1.837 ms
2015-09-26 11:35:30.527686,bbc,16.698 ms
2015-09-26 11:35:30.538529,router,2.087 ms
2015-09-26 11:35:31.092190,bbc,13.316 ms
2015-09-26 11:35:31.103086,router,2.109 ms
2015-09-26 11:35:31.634866,bbc,13.905 ms
2015-09-26 11:35:31.647451,router,1.906 ms
2015-09-26 11:35:32.175731,bbc,13.636 ms
2015-09-26 11:35:32.190340,router,2.494 ms
2015-09-26 11:35:32.719760,bbc,15.832 ms
2015-09-26 11:35:32.734876,router,2.560 ms
2015-09-26 11:35:33.263018,bbc,15.151 ms
2015-09-26 11:35:33.273952,router,1.932 ms
2015-09-26 11:35:33.812771,bbc,20.047 ms
2015-09-26 11:35:33.827438,router,2.014 ms
2015-09-26 11:35:34.351518,bbc,13.313 ms
2015-09-26 11:35:34.364178,router,1.865 ms
2015-09-26 11:35:34.898566,bbc,18.828 ms
2015-09-26 11:35:34.913743,router,1.938 ms
2015-09-26 11:35:35.439867,bbc,13.337 ms
2015-09-26 11:35:35.450366,router,1.848 ms
2015-09-26 11:35:36.001054,bbc,13.672 ms
2015-09-26 11:35:36.011490,router,1.890 ms
2015-09-26 11:35:36.545518,bbc,15.376 ms
2015-09-26 11:35:36.556186,router,1.846 ms
2015-09-26 11:35:37.087983,bbc,15.360 ms
2015-09-26 11:35:37.101639,router,3.285 ms
2015-09-26 11:35:37.634082,bbc,15.529 ms
2015-09-26 11:35:37.645094,router,1.778 ms
2015-09-26 11:35:38.208354,bbc,12.840 ms
2015-09-26 11:35:38.221933,router,1.777 ms
2015-09-26 11:35:38.756412,bbc,15.017 ms
2015-09-26 11:35:38.771027,router,1.784 ms
2015-09-26 11:35:39.302998,bbc,15.418 ms
2015-09-26 11:35:39.317487,router,1.911 ms
2015-09-26 11:35:39.847930,bbc,15.375 ms
2015-09-26 11:35:39.865761,router,5.352 ms
2015-09-26 11:35:40.393994,bbc,14.608 ms
2015-09-26 11:35:40.408320,router,2.014 ms
2015-09-26 11:35:40.941372,bbc,15.959 ms
2015-09-26 11:35:40.955279,router,1.858 ms
2015-09-26 11:35:41.488121,bbc,15.048 ms
2015-09-26 11:35:41.503411,router,3.929 ms
2015-09-26 11:35:42.029653,bbc,15.557 ms
2015-09-26 11:35:42.041498,router,3.304 ms
2015-09-26 11:35:42.572397,bbc,14.482 ms
2015-09-26 11:35:42.586386,router,1.867 ms
2015-09-26 11:35:43.110746,bbc,13.536 ms
2015-09-26 11:35:43.124980,router,1.898 ms
2015-09-26 11:35:43.655409,bbc,15.554 ms
2015-09-26 11:35:43.669519,router,1.932 ms
2015-09-26 11:35:44.197804,bbc,14.112 ms
2015-09-26 11:35:44.208114,router,1.911 ms
2015-09-26 11:35:44.734380,bbc,13.985 ms
2015-09-26 11:35:44.748005,router,1.897 ms
2015-09-26 11:35:45.275556,bbc,13.497 ms
2015-09-26 11:35:45.285928,router,1.785 ms
2015-09-26 11:35:45.820539,bbc,15.567 ms
2015-09-26 11:35:45.830771,router,1.819 ms
2015-09-26 11:35:46.363974,bbc,15.416 ms
2015-09-26 11:35:46.377977,router,2.118 ms
2015-09-26 11:35:46.905380,bbc,14.850 ms
2015-09-26 11:35:46.917604,router,1.887 ms
2015-09-26 11:35:47.449757,bbc,15.672 ms
2015-09-26 11:35:47.460224,router,1.878 ms
2015-09-26 11:35:47.987127,bbc,12.779 ms
2015-09-26 11:35:48.000950,router,1.876 ms
2015-09-26 11:35:48.527611,bbc,13.155 ms
2015-09-26 11:35:48.537870,router,1.835 ms
2015-09-26 11:35:49.063667,bbc,13.722 ms
2015-09-26 11:35:49.075604,router,2.023 ms
2015-09-26 11:35:49.606052,bbc,14.814 ms
2015-09-26 11:35:49.620170,router,1.838 ms
2015-09-26 11:35:50.147517,bbc,14.096 ms
2015-09-26 11:35:50.162238,router,1.920 ms
2015-09-26 11:35:50.694873,bbc,15.771 ms
2015-09-26 11:35:50.709677,router,1.880 ms
2015-09-26 11:35:51.244904,bbc,16.966 ms
2015-09-26 11:35:51.256272,router,2.538 ms
2015-09-26 11:35:51.787411,bbc,14.858 ms
2015-09-26 11:35:51.801922,router,2.177 ms
2015-09-26 11:35:52.332492,bbc,13.712 ms
2015-09-26 11:35:52.342793,router,1.895 ms
2015-09-26 11:35:52.870281,bbc,17.012 ms
2015-09-26 11:35:52.881189,router,1.748 ms
2015-09-26 11:35:53.413142,bbc,15.389 ms
2015-09-26 11:35:53.427819,router,1.909 ms
2015-09-26 11:35:53.959330,bbc,15.144 ms
2015-09-26 11:35:53.969577,router,1.871 ms
2015-09-26 11:35:54.500304,bbc,14.522 ms
2015-09-26 11:35:54.515744,router,1.932 ms
2015-09-26 11:35:55.046193,bbc,13.551 ms
2015-09-26 11:35:55.060297,router,1.814 ms
2015-09-26 11:35:55.594638,bbc,15.925 ms
2015-09-26 11:35:55.609000,router,2.048 ms
2015-09-26 11:35:56.141121,bbc,13.736 ms
2015-09-26 11:35:56.154520,router,1.879 ms
2015-09-26 11:35:56.688049,bbc,15.462 ms
2015-09-26 11:35:56.703058,router,1.856 ms
2015-09-26 11:35:57.232097,bbc,15.296 ms
2015-09-26 11:35:57.244246,router,1.817 ms
2015-09-26 11:35:57.772626,bbc,15.615 ms
2015-09-26 11:35:57.785267,router,4.193 ms
2015-09-26 11:35:58.316932,bbc,13.184 ms
2015-09-26 11:35:58.327357,router,1.778 ms
2015-09-26 11:35:58.856384,bbc,13.405 ms
2015-09-26 11:35:58.868245,router,1.819 ms
2015-09-26 11:35:59.399111,bbc,13.957 ms
2015-09-26 11:35:59.419440,router,6.261 ms
2015-09-26 11:36:00.136061,bbc,13.512 ms
2015-09-26 11:36:00.146706,router,1.868 ms
2015-09-26 11:36:00.694333,bbc,15.545 ms
2015-09-26 11:36:00.704656,router,1.900 ms
2015-09-26 11:36:01.233986,bbc,15.284 ms
2015-09-26 11:36:01.245290,router,1.813 ms
2015-09-26 11:36:01.779244,bbc,17.458 ms
2015-09-26 11:36:01.790567,router,1.854 ms
2015-09-26 11:36:02.318281,bbc,14.808 ms
2015-09-26 11:36:02.331871,router,2.198 ms
2015-09-26 11:36:02.860646,bbc,13.433 ms
2015-09-26 11:36:02.874983,router,1.890 ms
2015-09-26 11:36:03.401241,bbc,14.897 ms
2015-09-26 11:36:03.417314,router,4.508 ms
2015-09-26 11:36:03.948635,bbc,14.562 ms
2015-09-26 11:36:03.962372,router,1.792 ms
2015-09-26 11:36:04.493218,bbc,14.969 ms
2015-09-26 11:36:04.503490,router,1.795 ms
2015-09-26 11:36:05.032253,bbc,15.548 ms
2015-09-26 11:36:05.044456,router,1.894 ms
2015-09-26 11:36:05.573351,bbc,15.149 ms
2015-09-26 11:36:05.585343,router,2.360 ms
2015-09-26 11:36:06.117535,bbc,14.039 ms
2015-09-26 11:36:06.131966,router,2.228 ms
2015-09-26 11:36:06.658256,bbc,15.771 ms
2015-09-26 11:36:06.668505,router,1.876 ms
2015-09-26 11:36:07.192844,bbc,13.508 ms
2015-09-26 11:36:07.206304,router,3.375 ms
2015-09-26 11:36:07.736966,bbc,16.269 ms
2015-09-26 11:36:07.751294,router,1.961 ms
2015-09-26 11:36:08.281276,bbc,16.886 ms
2015-09-26 11:36:08.294900,router,1.982 ms
2015-09-26 11:36:08.824684,bbc,15.421 ms
2015-09-26 11:36:08.836694,router,1.824 ms
2015-09-26 11:36:09.367661,bbc,13.960 ms
2015-09-26 11:36:09.378459,router,2.083 ms
2015-09-26 11:36:09.909319,bbc,13.750 ms
2015-09-26 11:36:09.923347,router,1.872 ms
2015-09-26 11:36:10.457329,bbc,15.209 ms
2015-09-26 11:36:10.471671,router,2.140 ms
2015-09-26 11:36:11.001318,bbc,13.257 ms
2015-09-26 11:36:11.015289,router,1.909 ms
2015-09-26 11:36:11.547312,bbc,13.157 ms
2015-09-26 11:36:11.559578,router,1.709 ms
2015-09-26 11:36:12.086892,bbc,13.158 ms
2015-09-26 11:36:12.100741,router,1.915 ms
2015-09-26 11:36:12.627455,bbc,13.262 ms
2015-09-26 11:36:12.641724,router,1.812 ms
2015-09-26 11:36:13.170357,bbc,14.227 ms
2015-09-26 11:36:13.182037,router,1.910 ms
2015-09-26 11:36:13.714220,bbc,15.917 ms
2015-09-26 11:36:13.728821,router,1.886 ms
2015-09-26 11:36:14.262530,bbc,15.175 ms
2015-09-26 11:36:14.273277,router,1.824 ms
2015-09-26 11:36:14.801497,bbc,13.239 ms
2015-09-26 11:36:14.815790,router,1.882 ms
2015-09-26 11:36:15.346658,bbc,14.723 ms
2015-09-26 11:36:15.360916,router,1.971 ms
2015-09-26 11:36:15.891679,bbc,15.450 ms
2015-09-26 11:36:15.905438,router,1.870 ms
2015-09-26 11:36:16.438794,bbc,15.441 ms
2015-09-26 11:36:16.452957,router,1.872 ms
2015-09-26 11:36:16.985796,bbc,15.010 ms
2015-09-26 11:36:16.999727,router,1.873 ms
2015-09-26 11:36:17.531964,bbc,15.298 ms
2015-09-26 11:36:17.548787,router,4.308 ms
2015-09-26 11:36:18.080243,bbc,13.786 ms
2015-09-26 11:36:18.094227,router,1.857 ms
2015-09-26 11:36:18.623776,bbc,16.192 ms
2015-09-26 11:36:18.637923,router,1.916 ms
2015-09-26 11:36:19.165869,bbc,13.151 ms
2015-09-26 11:36:19.177496,router,1.794 ms
2015-09-26 11:36:19.706606,bbc,15.567 ms
2015-09-26 11:36:19.718388,router,1.979 ms
2015-09-26 11:36:20.251235,bbc,15.343 ms
2015-09-26 11:36:20.266536,router,1.893 ms
2015-09-26 11:36:48.170936,bbc,15.532 ms
2015-09-26 11:36:48.182562,router,2.487 ms
2015-09-26 11:36:48.717283,bbc,16.973 ms
2015-09-26 11:36:48.732093,router,1.797 ms
2015-09-26 11:36:49.263990,bbc,15.613 ms
2015-09-26 11:36:49.278386,router,1.913 ms
2015-09-26 11:36:49.806094,bbc,15.129 ms
2015-09-26 11:36:49.820727,router,2.142 ms
2015-09-26 11:36:50.355499,bbc,16.752 ms
2015-09-26 11:36:50.369276,router,3.752 ms
2015-09-26 11:36:50.903658,bbc,16.048 ms
2015-09-26 11:36:50.914682,router,2.418 ms
2015-09-26 11:36:54.019868,bbc,15.109 ms
2015-09-26 11:36:54.034420,router,2.004 ms
2015-09-26 11:36:54.562055,bbc,13.912 ms
2015-09-26 11:36:54.576375,router,1.844 ms
2015-09-26 11:36:55.100465,bbc,13.102 ms
2015-09-26 11:36:55.111726,router,1.869 ms
2015-09-26 11:36:55.642828,bbc,14.962 ms
2015-09-26 11:36:55.653444,router,1.881 ms
2015-09-26 11:36:56.179143,bbc,15.601 ms
2015-09-26 11:36:56.192981,router,1.951 ms
2015-09-26 11:36:56.722738,bbc,15.040 ms
2015-09-26 11:36:56.735800,router,1.750 ms
2015-09-26 11:36:57.261211,bbc,13.809 ms
2015-09-26 11:36:57.272315,router,1.676 ms
2015-09-26 11:36:57.805935,bbc,17.073 ms
2015-09-26 11:36:57.820215,router,1.872 ms
2015-09-26 11:36:58.350645,bbc,15.202 ms
2015-09-26 11:36:58.365965,router,1.871 ms
2015-09-26 11:36:58.899895,bbc,15.450 ms
2015-09-26 11:36:58.915582,router,1.812 ms
2015-09-26 11:36:59.447308,bbc,12.681 ms
2015-09-26 11:36:59.461806,router,1.915 ms
2015-09-26 11:36:59.989940,bbc,14.996 ms
2015-09-26 11:37:00.000512,router,1.873 ms
2015-09-26 11:37:00.533407,bbc,15.214 ms
2015-09-26 11:37:00.548040,router,1.839 ms
2015-09-26 11:37:01.115328,bbc,51.466 ms
2015-09-26 11:37:01.128171,router,3.997 ms
2015-09-26 11:37:01.661559,bbc,15.417 ms
2015-09-26 11:37:01.675614,router,1.872 ms
2015-09-26 11:37:02.209791,bbc,15.506 ms
2015-09-26 11:37:02.224243,router,1.938 ms
2015-09-26 11:37:02.759044,bbc,19.769 ms
2015-09-26 11:37:02.773323,router,1.966 ms
2015-09-26 11:37:03.302689,bbc,15.617 ms
2015-09-26 11:37:03.317473,router,1.876 ms
2015-09-26 11:37:03.851473,bbc,16.214 ms
2015-09-26 11:37:03.866274,router,2.341 ms
2015-09-26 11:38:30.721741,bbc,15.560 ms
2015-09-26 11:38:30.737271,router,1.958 ms
2015-09-26 11:38:31.268755,bbc,13.246 ms
2015-09-26 11:38:31.285290,router,4.318 ms
2015-09-26 11:38:31.814366,bbc,13.195 ms
2015-09-26 11:38:31.829437,router,1.883 ms
2015-09-26 11:38:32.361349,bbc,14.211 ms
2015-09-26 11:38:32.375078,router,1.854 ms
2015-09-26 11:38:32.904601,bbc,15.294 ms
2015-09-26 11:38:32.918856,router,1.893 ms
2015-09-26 11:38:33.450356,bbc,14.925 ms
2015-09-26 11:38:33.464293,router,1.862 ms
2015-09-26 11:38:39.300644,bbc,18.239 ms
2015-09-26 11:38:39.315409,router,1.842 ms
2015-09-26 11:38:39.849814,bbc,15.641 ms
2015-09-26 11:38:39.864385,router,1.934 ms
2015-09-26 11:38:40.399296,bbc,18.195 ms
2015-09-26 11:38:40.413454,router,1.912 ms
2015-09-26 11:38:40.944487,bbc,13.836 ms
2015-09-26 11:38:40.954897,router,1.836 ms
2015-09-26 11:38:41.487923,bbc,15.420 ms
2015-09-26 11:38:41.502480,router,2.092 ms
2015-09-26 11:38:42.037657,bbc,16.835 ms
2015-09-26 11:38:42.052788,router,1.777 ms
2015-09-26 11:38:42.582394,bbc,14.618 ms
2015-09-26 11:38:42.593022,router,1.863 ms
2015-09-26 11:38:43.120679,bbc,14.011 ms
2015-09-26 11:38:43.135389,router,1.842 ms
2015-09-26 11:38:43.669188,bbc,15.389 ms
2015-09-26 11:38:43.683847,router,1.859 ms
2015-09-26 11:38:44.570234,bbc,15.671 ms
2015-09-26 11:38:44.580654,router,1.911 ms
2015-09-26 11:38:45.110829,bbc,15.391 ms
2015-09-26 11:38:45.122154,router,1.855 ms
2015-09-26 11:38:45.652006,bbc,15.977 ms
2015-09-26 11:38:45.667229,router,2.594 ms
2015-09-26 11:38:46.199056,bbc,13.846 ms
2015-09-26 11:38:46.209940,router,2.341 ms
2015-09-26 11:38:46.743447,bbc,14.997 ms
2015-09-26 11:38:46.757590,router,1.888 ms
2015-09-26 11:38:47.289319,bbc,16.158 ms
2015-09-26 11:38:47.303259,router,1.882 ms
2015-09-26 11:38:47.837788,bbc,15.631 ms
2015-09-26 11:38:47.852769,router,1.907 ms
2015-09-26 11:38:48.386360,bbc,17.564 ms
2015-09-26 11:38:48.397807,router,1.857 ms
2015-09-26 11:38:48.927270,bbc,15.952 ms
2015-09-26 11:38:48.942240,router,1.914 ms
2015-09-26 11:38:49.476965,bbc,15.387 ms
2015-09-26 11:38:49.491514,router,1.911 ms
2015-09-26 11:38:50.024764,bbc,14.840 ms
2015-09-26 11:38:50.039325,router,1.898 ms
2015-09-26 11:38:50.573368,bbc,16.217 ms
2015-09-26 11:38:50.588826,router,2.608 ms
2015-09-26 11:38:51.115248,bbc,13.567 ms
2015-09-26 11:38:51.127488,router,1.982 ms
2015-09-26 11:38:51.658599,bbc,15.602 ms
2015-09-26 11:38:51.672819,router,1.883 ms
2015-09-26 11:38:52.204311,bbc,15.070 ms
2015-09-26 11:38:52.218826,router,1.954 ms
2015-09-26 11:38:52.751658,bbc,16.609 ms
2015-09-26 11:38:52.762158,router,1.872 ms
2015-09-26 11:38:53.291984,bbc,15.199 ms
2015-09-26 11:38:53.306304,router,1.881 ms
2015-09-26 11:38:53.836342,bbc,15.613 ms
2015-09-26 11:38:53.850556,router,2.095 ms
2015-09-26 11:38:54.378841,bbc,15.547 ms
2015-09-26 11:38:54.393646,router,1.896 ms
2015-09-26 11:38:54.925799,bbc,13.565 ms
2015-09-26 11:38:54.941669,router,3.689 ms
2015-09-26 11:38:55.471191,bbc,15.798 ms
2015-09-26 11:38:55.484952,router,1.836 ms
2015-09-26 11:38:56.020982,bbc,18.906 ms
2015-09-26 11:38:56.036432,router,2.937 ms
2015-09-26 11:38:56.564690,bbc,15.081 ms
2015-09-26 11:38:56.579714,router,3.452 ms
2015-09-26 11:38:57.115100,bbc,16.888 ms
2015-09-26 11:38:57.126140,router,1.851 ms
2015-09-26 11:38:57.659426,bbc,16.561 ms
2015-09-26 11:38:57.675535,router,2.621 ms
2015-09-26 11:38:58.204814,bbc,13.529 ms
2015-09-26 11:38:58.219188,router,1.821 ms
2015-09-26 11:38:58.748045,bbc,14.857 ms
2015-09-26 11:38:58.762374,router,1.855 ms
2015-09-26 11:38:59.296522,bbc,15.104 ms
2015-09-26 11:38:59.310364,router,1.915 ms
2015-09-26 11:38:59.843407,bbc,14.772 ms
2015-09-26 11:38:59.860164,router,3.710 ms
2015-09-26 11:39:00.394501,bbc,15.965 ms
2015-09-26 11:39:00.408074,router,1.746 ms
2015-09-26 11:39:00.936534,bbc,13.541 ms
2015-09-26 11:39:00.950867,router,1.882 ms
2015-09-26 11:39:01.482023,bbc,16.621 ms
2015-09-26 11:39:01.496069,router,1.784 ms
2015-09-26 11:39:02.025097,bbc,15.666 ms
2015-09-26 11:39:02.038842,router,1.881 ms
2015-09-26 11:39:02.571705,bbc,13.226 ms
2015-09-26 11:39:02.582132,router,1.917 ms
2015-09-26 11:39:03.111517,bbc,13.468 ms
2015-09-26 11:39:03.126472,router,1.810 ms
2015-09-26 11:39:03.659321,bbc,15.383 ms
2015-09-26 11:39:03.670212,router,2.409 ms
2015-09-26 11:39:04.203536,bbc,14.725 ms
2015-09-26 11:39:04.217174,router,1.915 ms
2015-09-26 11:39:04.750031,bbc,17.025 ms
2015-09-26 11:39:04.765218,router,2.597 ms
2015-09-26 11:39:05.299208,bbc,15.328 ms
2015-09-26 11:39:05.314126,router,1.874 ms
2015-09-26 11:39:05.845762,bbc,14.830 ms
2015-09-26 11:39:05.859799,router,1.877 ms
2015-09-26 11:39:06.389854,bbc,15.242 ms
2015-09-26 11:39:06.400585,router,1.969 ms
2015-09-26 11:39:06.924665,bbc,13.850 ms
2015-09-26 11:39:06.935352,router,1.899 ms
2015-09-26 11:39:07.462202,bbc,15.200 ms
2015-09-26 11:39:07.472895,router,1.891 ms
2015-09-26 11:39:08.005073,bbc,15.075 ms
2015-09-26 11:39:08.015470,router,1.914 ms
2015-09-26 11:39:08.545402,bbc,14.942 ms
2015-09-26 11:39:08.560649,router,1.945 ms
2015-09-26 11:39:09.091606,bbc,14.734 ms
2015-09-26 11:39:09.103452,router,1.810 ms
2015-09-26 11:39:09.635507,bbc,15.423 ms
2015-09-26 11:39:09.649895,router,1.844 ms
2015-09-26 11:39:10.182762,bbc,15.508 ms
2015-09-26 11:39:10.199125,router,3.660 ms
2015-09-26 11:39:10.730441,bbc,15.549 ms
2015-09-26 11:39:10.745378,router,1.946 ms
2015-09-26 11:39:11.275222,bbc,16.050 ms
2015-09-26 11:39:11.289629,router,1.883 ms
2015-09-26 11:39:11.823602,bbc,15.176 ms
2015-09-26 11:39:11.838361,router,2.083 ms
2015-09-26 11:39:12.411358,bbc,53.480 ms
2015-09-26 11:39:12.426155,router,1.842 ms
2015-09-26 11:39:12.962855,bbc,17.982 ms
2015-09-26 11:39:12.977233,router,1.773 ms
2015-09-26 11:39:13.507504,bbc,15.600 ms
2015-09-26 11:39:13.521743,router,1.916 ms
2015-09-26 11:39:14.050751,bbc,15.358 ms
2015-09-26 11:39:14.064908,router,2.075 ms
2015-09-26 11:39:14.601361,bbc,19.768 ms
2015-09-26 11:39:14.615982,router,1.906 ms
2015-09-26 11:39:15.146213,bbc,17.518 ms
2015-09-26 11:39:15.159022,router,2.475 ms
2015-09-26 11:39:15.690814,bbc,14.229 ms
2015-09-26 11:39:15.705178,router,1.894 ms
2015-09-26 11:39:16.239732,bbc,15.460 ms
2015-09-26 11:39:16.253914,router,1.884 ms
2015-09-26 11:39:16.781625,bbc,15.300 ms
2015-09-26 11:39:16.792003,router,1.884 ms
2015-09-26 11:39:17.324367,bbc,15.114 ms
2015-09-26 11:39:17.338460,router,1.861 ms
2015-09-26 11:39:17.870420,bbc,13.635 ms
2015-09-26 11:39:17.884566,router,1.887 ms
2015-09-26 11:39:18.414874,bbc,15.550 ms
2015-09-26 11:39:18.429850,router,1.885 ms
2015-09-26 11:39:18.965921,bbc,16.889 ms
2015-09-26 11:39:18.976416,router,1.863 ms
2015-09-26 11:39:19.507599,bbc,13.236 ms
2015-09-26 11:39:19.521700,router,1.899 ms
2015-09-26 11:39:20.050809,bbc,13.469 ms
2015-09-26 11:39:20.064949,router,1.838 ms
2015-09-26 11:39:20.594726,bbc,15.587 ms
2015-09-26 11:39:20.610548,router,3.626 ms
2015-09-26 11:39:21.142501,bbc,15.089 ms
2015-09-26 11:39:21.157275,router,1.823 ms
2015-09-26 11:39:21.691721,bbc,16.089 ms
2015-09-26 11:39:21.705983,router,1.989 ms
2015-09-26 11:39:22.240265,bbc,15.432 ms
2015-09-26 11:39:22.254407,router,1.815 ms
2015-09-26 11:39:22.782664,bbc,14.985 ms
2015-09-26 11:39:22.796770,router,1.859 ms
2015-09-26 11:39:23.327554,bbc,14.835 ms
2015-09-26 11:39:23.341765,router,1.888 ms
2015-09-26 11:39:23.875547,bbc,15.438 ms
2015-09-26 11:39:23.890191,router,2.143 ms
2015-09-26 11:39:24.422779,bbc,15.285 ms
2015-09-26 11:39:24.438177,router,2.716 ms
2015-09-26 11:39:24.970817,bbc,15.268 ms
2015-09-26 11:39:24.984847,router,1.911 ms
2015-09-26 11:39:25.514212,bbc,13.430 ms
2015-09-26 11:39:25.528314,router,1.875 ms
2015-09-26 11:39:26.059390,bbc,15.233 ms
2015-09-26 11:39:26.074542,router,1.987 ms
2015-09-26 11:39:26.607095,bbc,14.979 ms
2015-09-26 11:39:26.621146,router,2.091 ms
2015-09-26 11:39:27.148287,bbc,14.809 ms
2015-09-26 11:39:27.160934,router,1.807 ms
2015-09-26 11:39:27.686923,bbc,14.974 ms
2015-09-26 11:39:27.698418,router,1.742 ms
2015-09-26 11:39:28.227161,bbc,13.524 ms
2015-09-26 11:39:28.239506,router,1.812 ms
2015-09-26 11:39:28.770611,bbc,17.774 ms
2015-09-26 11:39:28.784712,router,2.332 ms
2015-09-26 11:39:29.315914,bbc,15.699 ms
2015-09-26 11:39:29.331014,router,1.885 ms
2015-09-26 11:39:29.864156,bbc,15.689 ms
2015-09-26 11:39:29.878041,router,1.845 ms
2015-09-26 11:39:30.412161,bbc,16.720 ms
2015-09-26 11:39:30.428149,router,3.120 ms
2015-09-26 11:39:30.959785,bbc,14.711 ms
2015-09-26 11:39:30.973919,router,1.871 ms
2015-09-26 11:39:31.500332,bbc,14.971 ms
2015-09-26 11:39:31.511002,router,2.007 ms
2015-09-26 11:39:32.044636,bbc,15.531 ms
2015-09-26 11:39:32.059994,router,3.145 ms
2015-09-26 11:39:32.593837,bbc,15.610 ms
2015-09-26 11:39:32.607849,router,1.901 ms
2015-09-26 11:39:33.136088,bbc,15.255 ms
2015-09-26 11:39:33.151257,router,1.855 ms
2015-09-26 11:39:33.685743,bbc,15.800 ms
2015-09-26 11:39:33.699819,router,1.900 ms
2015-09-26 11:39:34.229820,bbc,12.997 ms
2015-09-26 11:39:34.245204,router,1.893 ms
2015-09-26 11:39:34.778942,bbc,14.933 ms
2015-09-26 11:39:34.793514,router,2.070 ms
2015-09-26 11:39:35.321482,bbc,14.333 ms
2015-09-26 11:39:35.336864,router,2.730 ms
2015-09-26 11:39:35.871281,bbc,15.373 ms
2015-09-26 11:39:35.885311,router,1.827 ms
2015-09-26 11:39:36.414499,bbc,14.806 ms
2015-09-26 11:39:36.428713,router,1.893 ms
2015-09-26 11:39:36.960486,bbc,13.522 ms
2015-09-26 11:39:36.976679,router,3.787 ms
2015-09-26 11:39:37.512329,bbc,17.101 ms
2015-09-26 11:39:37.527015,router,2.470 ms
2015-09-26 11:39:38.057833,bbc,16.420 ms
2015-09-26 11:39:38.073442,router,3.597 ms
2015-09-26 11:39:38.603603,bbc,14.880 ms
2015-09-26 11:39:38.617729,router,1.879 ms
2015-09-26 11:39:39.149743,bbc,13.425 ms
2015-09-26 11:39:39.160791,router,1.792 ms
